ticket,pr,merge_date_utc,elapsed_hours,first_merge_elapsed_hours,merge_event_count,session_count,messaged_session_count,link_kinds,working_hours,silent_in_turn_hours,asking_user_hours,failure_blocked_hours,pr_open_idle_hours,idle_hours,doing_to_merge_hours
VC-10,284,2026-08-15,1.018,1.018,1,2,2,pr-merge-branch,0.732,0.000,0.000,0.000,0.000,0.286,
VC-11,285,2026-08-15,0.970,0.533,2,2,2,pr-merge-branch,0.571,0.000,0.176,0.000,0.000,0.223,0.832
VC-4,283,2026-08-15,1.065,1.065,1,1,1,pr-merge-branch,0.257,0.000,0.219,0.000,0.386,0.203,
VC-16,293,2026-08-16,4.542,4.542,1,2,2,pr-merge-branch,1.613,0.117,0.036,0.000,0.000,2.776,4.326
VC-19,288,2026-08-16,3.535,3.535,1,4,4,pr-merge-branch,2.145,0.085,0.462,0.017,0.542,0.284,
VC-5,287,2026-08-16,12.648,12.648,1,4,4,pr-merge-branch,2.804,0.000,0.573,0.000,6.966,2.306,10.237
VC-24,,2026-08-16,7.736,6.689,2,2,2,branch-merge+pr-merge-branch,0.753,0.243,0.021,0.000,0.000,6.719,7.746
VC-25,,2026-08-16,1.160,1.160,1,1,1,branch-merge,0.221,0.000,0.632,0.000,0.000,0.307,0.401
VC-47,,2026-08-16,15.115,15.115,1,2,2,branch-merge,0.363,0.000,0.247,0.000,0.000,14.505,
VC-33,,2026-08-16,4.847,4.847,1,1,1,branch-merge,0.548,0.000,0.000,0.000,0.000,4.299,
VC-13,,2026-08-16,17.190,17.190,1,2,2,branch-merge,0.830,0.000,0.288,0.000,0.000,16.072,16.373
VC-20,296,2026-08-16,20.779,20.779,1,3,3,squash-pr-number,0.942,0.000,0.048,0.000,0.000,19.789,
VC-66,297,2026-08-17,1.203,1.203,1,4,4,pr-merge-branch,0.878,0.000,0.000,0.000,0.000,0.325,1.071
VC-78,298,2026-08-17,1.223,1.223,1,6,6,pr-merge-branch,0.961,0.000,0.000,0.000,0.000,0.262,1.044
VC-46,299,2026-08-17,0.449,0.449,1,1,1,pr-merge-branch,0.448,0.000,0.000,0.000,0.000,0.001,0.448
VC-27,300,2026-08-17,0.465,0.465,1,1,1,pr-merge-branch,0.464,0.000,0.000,0.000,0.000,0.001,0.464
VC-14,301,2026-08-17,0.881,0.881,1,2,2,pr-merge-branch,0.706,0.000,0.000,0.000,0.000,0.175,0.611
VC-49,302,2026-08-17,2.410,2.410,1,7,7,pr-merge-branch,1.144,0.000,0.000,0.000,0.000,1.266,2.224
VC-51,304,2026-08-17,1.634,1.634,1,3,3,pr-merge-branch,0.725,0.000,0.000,0.000,0.073,0.836,1.443
VC-76,305,2026-08-17,1.523,1.523,1,3,3,pr-merge-branch,0.457,0.000,0.000,0.000,0.074,0.992,1.346
VC-71,303,2026-08-17,1.634,1.634,1,6,6,pr-merge-branch,0.353,0.000,0.000,0.000,0.110,1.171,1.457
VC-79,306,2026-08-17,0.519,0.519,1,1,1,pr-merge-branch,0.518,0.000,0.000,0.000,0.000,0.001,0.519
VC-72,307,2026-08-17,8.218,8.218,1,5,5,pr-merge-branch,0.647,0.100,0.000,0.000,5.572,1.899,8.220
VC-67,308,2026-08-17,8.349,8.349,1,5,5,pr-merge-branch,0.724,0.000,0.000,0.000,5.747,1.877,8.349
VC-62,309,2026-08-17,12.340,12.340,1,4,4,pr-merge-branch,0.460,0.000,0.000,0.000,0.074,11.807,12.212
VC-61,310,2026-08-17,14.986,14.986,1,5,5,pr-merge-branch,1.061,0.499,0.000,0.000,0.000,13.425,12.295
VC-57,311,2026-08-17,12.510,12.510,1,5,5,pr-merge-branch,1.146,0.173,0.000,0.000,0.074,11.117,12.381
VC-52,312,2026-08-17,12.839,12.839,1,7,7,pr-merge-branch,1.650,0.000,0.000,0.000,0.057,11.133,12.709
VC-32,313,2026-08-17,11.784,11.784,1,4,4,pr-merge-branch,0.640,0.000,0.000,0.000,0.000,11.143,11.605
VC-65,314,2026-08-17,9.912,9.912,1,3,3,pr-merge-branch,0.589,0.000,0.000,0.000,0.318,9.005,9.913
VC-68,315,2026-08-17,10.369,10.369,1,4,4,pr-merge-branch,0.962,0.000,0.000,0.000,0.607,8.799,10.370
VC-53,316,2026-08-17,14.365,14.365,1,8,8,pr-merge-branch,1.629,0.000,0.000,2.421,0.922,9.393,14.236
VC-84,317,2026-08-17,2.875,2.875,1,1,1,pr-merge-branch,0.744,0.000,0.128,0.000,1.994,0.008,
VC-97,320,2026-08-17,1.531,1.531,1,2,2,pr-merge-branch,0.843,0.000,0.164,0.000,0.000,0.524,1.517
VC-98,318,2026-08-18,2.947,2.947,1,2,2,pr-merge-branch,0.921,0.000,0.189,0.000,1.829,0.008,
VC-56,319,2026-08-18,2.804,2.804,1,2,2,squash-pr-number,1.895,0.142,0.358,0.000,0.311,0.098,2.664
VC-60,322,2026-08-18,1.859,1.859,1,1,1,pr-merge-branch,0.941,0.000,0.117,0.000,0.109,0.692,1.869
VC-100,321,2026-08-18,5.086,5.086,1,3,3,pr-merge-branch,1.854,0.270,0.198,0.496,1.556,0.711,
VC-99,323,2026-08-18,0.993,0.993,1,2,2,squash-pr-number,0.857,0.000,0.000,0.003,0.000,0.133,0.845
VC-37,324,2026-08-18,2.075,2.075,1,1,1,pr-merge-branch,0.384,0.106,0.000,0.000,0.000,1.585,
VC-50,325,2026-08-18,5.255,5.255,1,4,3,pr-merge-branch,1.853,0.000,0.106,2.019,0.000,1.277,6.453
VC-106,,2026-08-18,4.239,4.239,1,2,2,branch-merge,0.718,0.000,0.122,0.207,0.000,3.191,4.239
VC-54,,2026-08-18,13.714,13.714,1,2,2,branch-merge,1.623,0.000,0.078,0.000,0.000,12.014,12.838
VC-69,,2026-08-18,17.144,17.144,1,2,2,branch-merge,1.277,0.000,6.428,0.000,0.000,9.438,
VC-31,328,2026-08-19,22.524,22.524,1,9,8,pr-merge-branch,4.819,0.504,6.358,0.814,0.000,10.029,21.564
VC-55,329,2026-08-19,31.941,31.941,1,4,4,pr-merge-branch,3.058,0.000,0.170,0.000,0.000,28.713,31.743
VC-113,330,2026-08-19,3.055,3.055,1,3,3,pr-merge-branch,2.356,0.000,0.056,0.000,0.000,0.643,2.216
VC-7,326,2026-08-19,35.539,16.502,2,7,7,branch-merge+pr-merge-branch,4.199,0.000,0.240,0.015,22.661,8.425,34.099
VC-114,338,2026-08-20,10.548,10.548,1,2,2,pr-merge-branch,2.386,0.753,0.000,0.931,0.000,6.479,10.527
VC-94,339,2026-08-21,29.099,29.099,1,10,10,pr-merge-branch,5.077,0.783,0.000,5.295,0.000,17.943,29.109
VC-120,340,2026-08-21,0.865,0.865,1,2,2,pr-merge-branch,0.808,0.000,0.015,0.000,0.000,0.042,0.865
VC-115,342,2026-08-21,42.224,42.224,1,2,2,pr-merge-branch,0.863,0.000,0.012,0.929,0.000,40.420,
VC-123,343,2026-08-21,11.726,11.726,1,3,3,pr-merge-branch,1.773,0.084,0.018,0.000,0.000,9.851,0.806
VC-121,344,2026-08-21,3.509,3.509,1,2,2,pr-merge-branch,2.089,0.000,0.362,0.000,0.000,1.058,3.038
VC-124,345,2026-08-21,13.742,13.742,1,3,3,pr-merge-branch,2.113,0.201,0.009,0.000,0.000,11.419,13.607
VC-81,335,2026-08-21,93.839,93.839,1,3,3,pr-merge-branch,4.330,0.000,2.298,0.707,44.052,42.453,93.782
VC-136,347,2026-08-21,1.669,1.669,1,2,2,pr-merge-branch,0.645,0.000,0.028,0.000,0.000,0.996,1.669
VC-138,348,2026-08-21,1.001,1.001,1,1,1,pr-merge-branch,0.833,0.000,0.000,0.148,0.019,0.001,1.001
VC-140,349,2026-08-21,0.531,0.531,1,1,1,pr-merge-branch,0.301,0.000,0.000,0.000,0.000,0.230,0.531
VC-139,352,2026-08-22,1.506,1.506,1,2,2,pr-merge-branch,1.080,0.000,0.000,0.144,0.000,0.281,1.506
VC-137,351,2026-08-22,2.396,2.396,1,2,2,pr-merge-branch,1.892,0.000,0.000,0.487,0.016,0.001,2.396
VC-122,350,2026-08-22,2.012,2.012,1,2,2,pr-merge-branch,1.357,0.000,0.000,0.222,0.419,0.013,2.994
VC-64,354,2026-08-22,7.277,7.110,2,10,10,pr-merge-branch,3.556,0.000,0.718,0.244,0.000,2.759,7.279
VC-22,356,2026-08-22,140.466,140.466,1,1,1,pr-merge-branch,0.007,0.000,0.000,0.000,0.081,140.378,
VC-155,367,2026-08-23,6.984,6.984,1,2,2,squash-pr-number,1.116,0.000,0.000,0.000,0.000,5.869,6.984
VC-92,369,2026-08-23,88.107,88.107,1,3,3,pr-merge-branch,0.992,0.000,0.000,0.000,0.000,87.115,87.827
VC-158,368,2026-08-23,6.784,6.784,1,2,2,pr-merge-branch,1.002,0.000,0.004,0.000,0.000,5.778,6.594
VC-157,370,2026-08-23,6.882,6.882,1,2,2,squash-pr-number,1.154,0.000,0.000,0.000,0.000,5.728,6.692
VC-160,366,2026-08-23,6.759,6.759,1,2,2,pr-merge-branch,0.890,0.000,5.489,0.000,0.379,0.001,
VC-111,371,2026-08-23,35.682,35.682,1,6,6,pr-merge-branch,6.550,0.091,6.717,0.012,0.001,22.311,34.518
VC-156,372,2026-08-23,7.400,7.400,1,2,2,pr-merge-branch,0.941,0.000,0.000,0.000,0.086,6.374,7.207
VC-159,373,2026-08-23,7.630,7.630,1,2,2,pr-merge-branch,1.251,0.000,0.011,0.000,0.073,6.296,
VC-142,374,2026-08-23,2.056,2.056,1,1,1,pr-merge-branch,0.585,0.084,0.047,0.000,0.000,1.340,2.056
VC-3,375,2026-08-23,6.508,6.508,1,2,2,pr-merge-branch,0.840,0.000,0.173,0.000,0.000,5.495,6.509
VC-161,376,2026-08-23,9.202,9.202,1,5,5,pr-merge-branch,1.675,0.162,0.019,0.000,0.877,6.468,7.708
VC-164,377,2026-08-23,8.281,8.281,1,9,9,pr-merge-branch,1.953,0.000,0.046,0.000,0.000,6.281,2.120
VC-119,378,2026-08-23,34.945,34.945,1,7,7,pr-merge-branch,4.385,0.034,0.503,0.000,0.000,30.022,10.294
VC-112,379,2026-08-24,96.733,96.733,1,1,1,pr-merge-branch,0.605,0.000,0.008,0.000,0.000,96.120,
VC-173,381,2026-08-24,0.416,0.416,1,1,1,pr-merge-branch,0.415,0.000,0.000,0.000,0.000,0.001,0.388
VC-44,380,2026-08-24,5.883,5.883,1,4,4,pr-merge-branch,2.032,0.104,0.395,0.000,0.859,2.494,3.252
VC-91,384,2026-08-24,4.167,4.167,1,4,4,pr-merge-branch,2.170,0.000,0.017,0.667,0.000,1.313,4.170
VC-172,385,2026-08-24,1.586,1.586,1,2,2,pr-merge-branch,0.862,0.092,0.056,0.000,0.000,0.576,1.580
VC-126,383,2026-08-24,10.027,10.027,1,4,4,pr-merge-branch,2.675,0.250,0.030,0.000,7.048,0.024,10.005
VC-167,382,2026-08-24,10.427,10.427,1,3,3,pr-merge-branch,1.366,0.000,0.006,0.000,8.750,0.305,10.428
VC-118,386,2026-08-24,12.082,12.082,1,2,2,pr-merge-branch,1.314,0.000,0.205,0.000,0.000,10.564,11.354
VC-87,387,2026-08-24,76.385,76.385,1,8,8,pr-merge-branch,4.063,0.000,0.113,0.178,0.000,72.031,15.291
VC-174,388,2026-08-24,0.516,0.516,1,1,1,pr-merge-branch,0.191,0.083,0.000,0.000,0.000,0.242,0.517
VC-169,391,2026-08-24,18.297,18.297,1,4,4,pr-merge-branch,1.544,0.189,0.000,0.000,0.000,16.564,9.105
VC-176,392,2026-08-24,1.394,1.394,1,2,2,pr-merge-branch,0.375,0.000,0.000,0.000,0.000,1.019,1.394
VC-162,389,2026-08-24,22.876,22.876,1,3,3,pr-merge-branch,2.112,0.093,0.708,0.000,0.722,19.241,20.733
VC-177,393,2026-08-24,1.588,1.588,1,2,2,pr-merge-branch,1.050,0.000,0.000,0.000,0.000,0.538,1.588
VC-85,394,2026-08-25,128.668,128.668,1,3,3,pr-merge-branch,2.079,0.006,0.000,0.000,0.000,126.583,11.517
VC-175,390,2026-08-25,16.094,16.094,1,2,2,pr-merge-branch,1.383,0.000,0.495,0.846,13.369,0.001,16.094
VC-163,395,2026-08-25,17.592,17.592,1,2,2,pr-merge-branch,2.519,0.350,0.128,0.000,0.000,14.594,17.592
VC-179,396,2026-08-26,2.311,2.311,1,2,2,pr-merge-branch,0.317,0.000,0.000,0.000,0.000,1.994,2.311
VC-178,397,2026-08-26,6.220,6.220,1,4,4,squash-pr-number,1.437,0.000,0.014,0.000,0.000,4.769,6.223
VC-180,398,2026-08-26,0.435,0.435,1,2,2,squash-pr-number,0.397,0.000,0.000,0.000,0.000,0.037,0.435
VC-134,401,2026-08-26,6.818,6.818,1,2,2,pr-merge-branch,0.475,0.000,0.000,0.000,0.002,6.341,19.173
VC-185,402,2026-08-26,7.209,7.209,1,8,8,pr-merge-branch,1.612,0.000,0.000,0.000,0.002,5.595,6.533
VC-183,403,2026-08-26,10.542,10.542,1,2,2,pr-merge-branch,1.497,0.000,0.019,0.000,0.000,9.026,10.545
VC-182,399,2026-08-26,11.061,11.061,1,2,1,squash-pr-number,0.979,0.262,0.023,0.000,9.796,0.001,11.061
VC-181,404,2026-08-26,11.489,11.489,1,2,2,pr-merge-branch,1.744,0.000,0.000,0.000,0.000,9.746,11.479
VC-186,405,2026-08-26,0.962,0.962,1,1,1,pr-merge-branch,0.332,0.094,0.000,0.000,0.000,0.536,
VC-190,406,2026-08-27,0.929,0.929,1,2,2,pr-merge-branch,0.838,0.087,0.000,0.000,0.000,0.004,0.934
VC-187,407,2026-08-27,1.183,1.183,1,2,2,pr-merge-branch,0.878,0.086,0.000,0.000,0.000,0.219,1.187
VC-191,408,2026-08-27,0.936,0.936,1,2,2,pr-merge-branch,0.844,0.092,0.000,0.000,0.000,0.001,0.939
VC-193,409,2026-08-27,1.244,1.244,1,2,2,pr-merge-branch,1.154,0.088,0.000,0.000,0.000,0.001,1.246
VC-192,410,2026-08-27,3.912,3.912,1,2,2,pr-merge-branch,1.060,0.086,2.765,0.000,0.000,0.001,3.918
VC-188,411,2026-08-27,4.421,4.421,1,2,2,pr-merge-branch,1.190,0.182,0.000,0.000,0.000,3.049,4.427
VC-189,412,2026-08-27,1.959,1.959,1,2,2,pr-merge-branch,1.059,0.655,0.000,0.244,0.000,0.001,1.962
VC-194,413,2026-08-27,13.381,13.381,1,1,1,pr-merge-branch,0.357,0.000,0.024,0.000,0.009,12.991,13.373
VC-196,415,2026-08-28,5.283,5.283,1,4,4,pr-merge-branch,0.669,0.172,0.276,0.000,4.164,0.001,5.283
VC-86,400,2026-08-28,47.966,47.966,1,5,5,pr-merge-branch,2.676,0.089,0.113,11.716,33.090,0.282,
VC-203,427,2026-08-30,1.856,1.856,1,3,3,pr-merge-branch,0.926,0.109,0.457,0.000,0.000,0.364,1.856
VC-127,425,2026-08-30,2.738,2.738,1,9,9,pr-merge-branch,2.439,0.168,0.000,0.000,0.131,0.001,2.744
VC-207,428,2026-08-30,0.419,0.419,1,3,3,squash-pr-number,0.300,0.118,0.000,0.000,0.000,0.001,0.412
VC-206,429,2026-08-30,0.770,0.770,1,3,3,squash-pr-number,0.584,0.185,0.000,0.000,0.000,0.001,0.762
VC-128,426,2026-08-30,4.962,4.962,1,9,9,pr-merge-branch,3.501,0.167,0.000,0.000,1.293,0.001,4.969
VC-131,435,2026-08-30,2.573,2.573,1,5,5,pr-merge-branch,2.363,0.094,0.000,0.000,0.116,0.000,2.585
VC-129,433,2026-08-30,3.144,3.144,1,8,8,pr-merge-branch,2.508,0.195,0.000,0.000,0.441,0.001,3.154
VC-211,436,2026-08-30,4.108,4.108,1,2,2,squash-pr-number,0.536,0.231,3.335,0.000,0.003,0.002,4.098
VC-212,439,2026-08-30,0.673,0.673,1,1,1,squash-pr-number,0.505,0.167,0.000,0.000,0.000,0.001,0.665
VC-213,432,2026-08-30,7.894,7.894,1,4,4,squash-pr-number,1.401,0.743,5.745,0.000,0.003,0.002,7.884
VC-130,434,2026-08-30,8.235,8.235,1,9,9,pr-merge-branch,3.066,0.227,4.941,0.000,0.002,0.000,8.246
VC-133,441,2026-08-30,2.353,2.353,1,5,5,pr-merge-branch,1.663,0.200,0.490,0.000,0.000,0.000,2.361
VC-132,442,2026-08-30,4.028,4.028,1,6,6,pr-merge-branch,3.139,0.769,0.000,0.000,0.118,0.002,4.035
VC-220,444,2026-08-30,1.179,1.179,1,5,5,pr-merge-branch,1.040,0.005,0.000,0.000,0.134,0.000,1.186
VC-221,445,2026-08-30,5.293,5.293,1,5,5,pr-merge-branch,1.744,0.000,3.425,0.000,0.124,0.001,5.299
VC-110,443,2026-09-01,207.985,207.985,1,13,13,pr-merge-branch,4.559,0.818,1.061,0.000,48.181,153.366,195.373
VC-166,424,2026-09-01,71.864,71.864,1,3,3,pr-merge-branch,1.380,0.407,0.000,0.000,70.064,0.013,
VC-205,431,2026-09-01,67.717,67.717,1,5,5,pr-merge-branch,1.566,0.545,0.000,0.000,65.604,0.002,67.718
VC-204,452,2026-09-01,68.998,68.598,2,4,4,pr-merge-branch,1.655,0.456,0.019,0.000,0.000,66.868,68.998
VC-135,451,2026-09-02,6.747,6.747,1,5,5,pr-merge-branch,1.387,0.410,0.001,0.000,1.657,3.292,6.374
VC-202,440,2026-09-02,74.909,74.909,1,6,6,pr-merge-branch,6.465,1.423,6.550,0.000,60.468,0.002,74.909
VC-184,448,2026-09-02,84.123,84.123,1,9,9,pr-merge-branch,3.372,1.363,0.000,0.000,1.654,77.734,79.238
VC-222,449,2026-09-02,28.835,28.835,1,8,8,pr-merge-branch,2.359,1.025,0.321,5.469,1.112,18.548,9.834
VC-250,455,2026-09-03,23.071,23.071,1,5,5,pr-merge-branch,1.521,20.232,0.232,0.342,0.000,0.744,22.342
VC-244,456,2026-09-03,30.250,30.250,1,3,3,pr-merge-branch,2.218,1.040,0.245,0.000,1.417,25.330,30.251
VC-251,454,2026-09-03,25.904,25.904,1,7,7,pr-merge-branch,1.801,0.250,0.114,0.000,23.738,0.001,25.904
VC-252,457,2026-09-04,31.432,31.432,1,5,5,pr-merge-branch,1.064,0.575,2.875,0.000,0.280,26.638,31.432
VC-242,458,2026-09-05,35.367,35.367,1,3,3,pr-merge-branch,0.917,0.137,0.408,9.419,6.729,17.758,
VC-261,463,2026-09-05,0.847,0.847,1,3,3,pr-merge-branch,0.570,0.214,0.004,0.000,0.000,0.060,0.848
VC-245,460,2026-09-06,76.996,76.996,1,5,5,squash-pr-number,2.459,0.354,19.699,0.249,0.000,54.234,
VC-260,464,2026-09-06,1.978,1.978,1,3,3,pr-merge-branch,1.386,0.138,0.000,0.163,0.000,0.292,1.979
VC-257,462,2026-09-06,3.907,3.907,1,5,5,pr-merge-branch,0.898,0.759,0.025,0.049,2.175,0.001,3.907
VC-125,465,2026-09-06,3.169,3.169,1,5,5,pr-merge-branch,1.131,0.444,0.085,0.258,0.117,1.134,2.814
VC-254,461,2026-09-06,15.690,15.690,1,10,10,pr-merge-branch,3.592,0.767,10.216,0.121,0.994,0.001,
VC-170,466,2026-09-06,3.527,3.527,1,7,7,squash-pr-number,1.640,0.292,0.977,0.260,0.000,0.356,3.167
VC-265,467,2026-09-06,10.496,10.496,1,6,6,pr-merge-branch,1.317,0.143,0.000,0.175,7.347,1.515,10.497
VC-219,468,2026-09-06,11.299,11.299,1,11,11,pr-merge-branch,2.165,0.675,0.064,0.992,6.505,0.899,11.061
VC-262,472,2026-09-06,12.308,12.308,1,7,7,pr-merge-branch,1.725,2.451,0.000,0.063,0.000,8.069,12.052
VC-255,459,2026-09-06,26.559,26.559,1,7,7,pr-merge-branch,1.435,1.755,6.466,13.493,3.411,0.001,
VC-246,473,2026-09-06,94.079,94.079,1,8,8,pr-merge-branch,3.336,1.026,0.000,0.071,0.000,89.647,
VC-239,471,2026-09-06,15.643,15.643,1,7,7,pr-merge-branch,2.156,0.809,0.308,6.256,6.064,0.049,15.410
VC-9,470,2026-09-06,345.933,345.933,1,10,10,pr-merge-branch,3.045,1.107,0.059,5.154,7.251,329.317,16.291
VC-238,474,2026-09-06,17.778,17.778,1,7,7,pr-merge-branch,3.283,1.281,0.190,6.327,0.000,6.697,17.555
VC-6,476,2026-09-06,19.362,19.362,1,6,6,pr-merge-branch,1.578,2.507,0.067,14.862,0.032,0.315,2.851
VC-270,475,2026-09-06,3.468,3.468,1,6,6,pr-merge-branch,1.600,0.555,0.030,1.098,0.139,0.046,3.155
VC-268,477,2026-09-06,3.086,3.086,1,6,6,pr-merge-branch,1.600,0.965,0.180,0.313,0.010,0.017,2.862
VC-269,478,2026-09-06,2.457,2.457,1,7,7,pr-merge-branch,1.607,0.154,0.687,0.000,0.000,0.009,2.294
VC-263,469,2026-09-07,24.927,24.927,1,7,7,pr-merge-branch,2.505,0.755,0.021,2.492,19.153,0.002,21.948
VC-273,479,2026-09-07,7.743,7.743,1,4,4,pr-merge-branch,1.807,0.347,0.005,5.540,0.004,0.040,7.744
VC-259,480,2026-09-07,27.274,27.274,1,12,12,pr-merge-branch,4.490,0.599,0.002,0.121,0.000,22.062,26.540
VC-310,508,2026-09-10,25.050,25.050,1,7,7,pr-merge-branch,3.917,0.925,0.043,12.876,0.000,7.290,25.051
VC-291,507,2026-09-10,78.364,78.364,1,6,6,pr-merge-branch,3.987,3.262,0.166,0.597,4.862,65.491,28.825
VC-243,510,2026-09-10,211.785,211.785,1,4,4,pr-merge-branch,0.833,0.670,0.000,0.122,0.000,210.161,
VC-293,511,2026-09-10,79.877,79.877,1,11,11,pr-merge-branch,2.934,2.551,0.000,0.212,0.344,73.836,79.803
VC-350,512,2026-09-10,2.102,2.102,1,3,3,pr-merge-branch,1.280,0.384,0.000,0.000,0.436,0.001,
VC-351,515,2026-09-11,2.960,2.960,1,11,11,pr-merge-branch,1.776,0.000,0.000,0.000,0.393,0.792,2.961
VC-329,516,2026-09-13,95.267,95.267,1,9,9,pr-merge-branch,4.363,0.824,0.032,0.000,6.126,83.922,95.267
VC-352,518,2026-09-13,1.000,1.000,1,1,1,pr-merge-branch,0.502,0.000,0.000,0.000,0.000,0.498,1.000
VC-354,519,2026-09-13,6.437,6.437,1,8,8,pr-merge-branch,1.948,1.092,0.000,0.000,0.000,3.396,
VC-360,520,2026-09-13,7.213,7.213,1,8,8,pr-merge-branch,0.616,1.437,0.000,5.158,0.000,0.002,
VC-363,521,2026-09-13,8.323,8.323,1,5,5,pr-merge-branch,3.122,0.967,0.000,1.898,0.000,2.336,
VC-367,522,2026-09-14,1.545,1.545,1,1,1,pr-merge-branch,0.762,0.671,0.000,0.000,0.000,0.112,0.554
VC-359,525,2026-09-14,11.321,11.321,1,10,10,pr-merge-branch,4.915,3.626,0.000,2.260,0.051,0.470,
VC-357,526,2026-09-14,11.992,11.992,1,13,13,pr-merge-branch,3.946,2.033,0.058,0.106,0.000,5.849,
VC-8,523,2026-09-14,12.535,12.535,1,14,14,pr-merge-branch,4.903,4.948,0.041,2.190,0.000,0.453,12.180
VC-355,529,2026-09-14,21.601,21.601,1,16,16,pr-merge-branch,4.949,12.130,0.000,2.464,0.000,2.058,
VC-356,530,2026-09-14,22.325,22.325,1,7,7,pr-merge-branch,2.443,12.316,0.252,6.739,0.000,0.574,
VC-369,531,2026-09-14,1.667,1.667,1,3,3,squash-pr-number,0.716,0.547,0.000,0.402,0.000,0.002,1.402
VC-353,524,2026-09-14,29.887,29.887,1,21,21,pr-merge-branch,5.679,15.510,1.387,1.601,1.347,4.364,
VC-335,532,2026-09-14,124.252,124.252,1,18,18,pr-merge-branch,5.199,0.587,1.794,14.850,0.000,101.822,124.252
VC-358,534,2026-09-14,33.114,33.114,1,28,28,pr-merge-branch,9.975,3.602,1.379,2.744,0.000,15.414,24.639
VC-372,535,2026-09-15,1.047,1.047,1,1,1,pr-merge-branch,0.727,0.318,0.000,0.000,0.000,0.002,0.069
VC-374,536,2026-09-15,1.664,1.664,1,1,1,pr-merge-branch,0.262,1.399,0.000,0.000,0.000,0.002,0.697
VC-373,538,2026-09-15,2.307,2.307,1,1,1,pr-merge-branch,1.420,0.885,0.000,0.000,0.000,0.002,1.335
VC-371,537,2026-09-15,11.364,11.364,1,4,4,pr-merge-branch,2.750,3.635,4.974,0.000,0.003,0.002,10.381
VC-381,541,2026-09-15,1.116,1.116,1,2,2,pr-merge-branch,0.281,0.541,0.000,0.000,0.000,0.294,0.726
VC-382,543,2026-09-15,2.769,2.769,1,1,1,pr-merge-branch,1.201,0.167,0.000,0.000,0.000,1.401,2.769
VC-383,542,2026-09-15,3.622,3.622,1,15,15,pr-merge-branch,2.481,0.644,0.179,0.000,0.317,0.001,3.622
VC-384,546,2026-09-15,2.513,2.513,1,1,1,pr-merge-branch,1.025,0.235,0.000,0.422,0.000,0.831,2.513
VC-387,547,2026-09-16,7.934,7.934,1,9,9,pr-merge-branch,1.437,1.436,0.028,3.140,0.000,1.894,7.935
VC-380,548,2026-09-16,20.600,20.600,1,9,9,squash-pr-number,2.490,1.785,9.458,0.081,0.000,6.786,20.295
VC-389,550,2026-09-16,18.064,18.064,1,10,10,pr-merge-branch,2.288,0.303,9.189,0.472,0.000,5.812,17.728
VC-388,551,2026-09-16,2.888,2.888,1,7,7,pr-merge-branch,0.797,0.910,0.014,0.022,1.142,0.002,2.889
VC-368,552,2026-09-16,20.679,20.679,1,5,5,pr-merge-branch,0.653,0.459,0.007,0.000,1.161,18.400,2.149
VC-385,553,2026-09-16,21.611,21.611,1,6,6,pr-merge-branch,1.710,1.277,0.020,0.382,0.569,17.652,3.816
VC-397,556,2026-09-16,0.679,0.679,1,1,1,squash-pr-number,0.401,0.000,0.000,0.015,0.174,0.090,0.236
VC-396,557,2026-09-16,1.023,1.023,1,3,3,squash-pr-number,0.537,0.000,0.000,0.000,0.000,0.486,1.027
VC-272,561,2026-09-17,2.348,2.348,1,3,3,pr-merge-branch,0.325,0.129,0.000,0.000,1.894,0.000,3.309
VC-378,563,2026-09-17,48.306,48.306,1,4,4,pr-merge-branch,0.664,0.318,0.000,0.000,2.223,45.101,3.309
VC-405,567,2026-09-17,2.287,2.287,1,6,6,pr-merge-branch,0.778,0.391,0.000,0.000,1.116,0.003,2.287
VC-393,562,2026-09-17,2.389,2.389,1,5,5,pr-merge-branch,0.743,0.518,0.000,0.000,1.129,0.000,3.351
VC-402,566,2026-09-17,1.204,1.204,1,1,1,pr-merge-branch,0.487,0.707,0.000,0.000,0.010,0.000,3.535
VC-141,565,2026-09-17,2.929,2.929,1,4,4,pr-merge-branch,0.874,0.913,0.000,1.140,0.001,0.000,3.892
VC-403,564,2026-09-17,5.068,5.068,1,4,4,pr-merge-branch,1.069,2.812,0.000,1.186,0.001,0.000,6.030
VC-411,574,2026-09-17,0.983,0.983,1,6,6,pr-merge-branch,0.712,0.087,0.000,0.000,0.008,0.177,
VC-408,573,2026-09-17,3.028,3.028,1,7,7,pr-merge-branch,0.881,1.369,0.000,0.000,0.006,0.772,
VC-410,572,2026-09-17,3.052,3.052,1,6,6,pr-merge-branch,0.839,1.446,0.164,0.000,0.009,0.593,
VC-392,569,2026-09-17,5.081,5.081,1,6,6,pr-merge-branch,1.472,3.400,0.000,0.032,0.173,0.004,5.046
VC-414,576,2026-09-17,0.805,0.805,1,4,4,pr-merge-branch,0.368,0.168,0.000,0.000,0.261,0.007,
VC-316,570,2026-09-17,5.945,5.945,1,6,6,pr-merge-branch,1.751,3.272,0.000,0.000,0.918,0.003,5.932
VC-407,575,2026-09-17,4.890,4.890,1,12,12,pr-merge-branch,2.766,0.537,0.000,0.010,1.202,0.376,2.918
VC-412,577,2026-09-18,24.496,24.496,1,2,2,pr-merge-branch,0.763,0.567,0.037,0.084,0.000,23.046,
VC-217,578,2026-09-18,123.382,123.382,1,33,33,pr-merge-branch,4.496,25.292,0.326,33.890,0.000,59.377,127.481
VC-418,583,2026-09-18,1.151,1.151,1,9,9,pr-merge-branch,0.577,0.386,0.000,0.043,0.145,0.000,1.108
VC-409,571,2026-09-18,28.991,28.991,1,8,8,pr-merge-branch,2.726,1.859,0.000,0.085,23.891,0.430,
VC-344,584,2026-09-18,2.291,2.291,1,7,7,pr-merge-branch,1.131,0.856,0.000,0.002,0.001,0.302,
VC-419,585,2026-09-18,1.921,1.921,1,2,2,pr-merge-branch,0.471,0.184,0.000,0.000,0.426,0.840,
VC-413,581,2026-09-18,26.668,26.668,1,2,2,pr-merge-branch,0.975,2.973,0.023,0.085,0.002,22.611,
VC-416,586,2026-09-18,3.814,3.814,1,2,2,pr-merge-branch,1.106,1.210,0.000,1.245,0.000,0.254,3.814
VC-421,588,2026-09-27,12.072,12.072,1,12,12,pr-merge-branch,1.502,0.086,0.000,0.000,10.482,0.002,12.063
VC-428,599,2026-09-27,0.729,0.729,1,6,6,pr-merge-branch,0.502,0.180,0.000,0.000,0.000,0.047,0.705
VC-297,598,2026-09-28,40.329,40.329,1,14,13,pr-merge-branch,1.434,1.336,0.630,2.420,23.861,10.648,40.326
VC-429,601,2026-09-28,0.867,0.867,1,1,1,pr-merge-branch,0.162,0.297,0.000,0.000,0.000,0.408,0.867
VC-440,603,2026-09-28,0.398,0.398,1,1,1,pr-merge-branch,0.152,0.155,0.000,0.000,0.000,0.091,0.398
